video_name,is_comic,predicted_is_comic
"""Jour de Gloire : C'est un projet fou"" avec F√©lix Moati et Florent Pfeiffer",0,0
Ce qui se cache derri√®re vos ≈ìufs en chocolat,0,0
Retraite √† 65 ans : Veyrier (FO) n'exclut pas le recours √† la gr√®ve pour s'opposer √† la r√©forme,0,0
Le sexe avec les partenaires des amis - Le h√©ros du jour,0,0
"Jordan Bardella : ""Le ministre de l‚ÄôInt√©rieur est un menteur pathologique""",0,0
Le questionnaire Jupiproust de Thibaut Garcia - Le questionnaire Jupiproust,1,1
On n'arr√™te pas l'√©co avec Jean-Pierre Clamadieu pr√©sident d'Engie,0,0
"""On a trouv√© un moyen de lutter contre le r√©chauffement climatique: relancer la guerre froide""",0,0
Christiane Lambert de la Fnsea apr√®s l'√©pisode de gr√™le qui a touch√© la France,0,0
Vers un m√©tavers √† la fran√ßaise pour les concerts et les √©v√©nements sportifs,0,0
Enheduanna : premi√®re po√©tesse de l'Histoire - Les Odyss√©es du Louvre,0,0
Viol en r√©union : Ovidie reconstitue le proc√®s du 36 - L'Instant M,0,0
Pierre-Fran√ßois Martin-Laval - Morgane Cadignan n'aime pas,1,1
Le questionnaire Jupiproust de C√©cile Coulon - Le questionnaire Jupiproust,1,1
Th√©r√®se Clerc une vieille cool - En toute subjectivit√© Anne-C√©cile Mailfert,0,0
Des candidats et des jeunes le r√©sum√© de la journ√©e,0,0
"Sandrine Rousseau : ""Avec les √©lections l√©gislatives il va falloir donner un gouvernement d'espoir""",0,0
"Damien et Sybille V√©ron : "" L'enqu√™te ne sera peut-√™tre jamais ferm√©e au Japon """,0,0
Poulpe envoie la sauce un peu trop - La Chronique de Monsieur Poulpe,1,0
"""Le soleil va moins faire son malin quand Jean-Luc va aller lui hurler dessus ""les temp√©ratures c'e",0,0
"""Au c≈ìur du grand d√©classement"" de Jean-Baptiste Forray - En toute subjectivit√©",0,0
Elisabeth Borne √† Matignon : plong√©e dans les archives,0,0
Benjamin M√ºller : p√®re m√©diatique - L'Instant M,0,0
"400e anniversaire du bapt√™me de Moli√®re : ""Il a √©t√© l'anc√™tre des stand-uppers"" selon Georges Forest",0,0
"""Zone interdite"" sur l'islam radical : t√©moins et journalistes menac√©s - L'Instant M",0,0
Will Smith - Le h√©ros du jour,0,0
Le questionnaire Jupiproust de Fa√Øza Gu√®ne - Le questionnaire Jupiproust,1,1
"""Alice et le maire"" : de l'importance de la modestie en politique - Capture d'√©crans",0,0
"Didier Cohen : ""30% des Fran√ßais se sont vus refuser au moins une fois un Rdv chez l'ophtalmo""",0,0
"Nicolas Dupont-Aignan : ""Avec moi la France redeviendra gaullienne c'est-√†-dire ind√©pendante""",0,0
Gloire √† la Russie - Le Sketch Par Jupiter,0,1
√âdition sp√©ciale consacr√©e √† la guerre russo-ukrainienne,0,0
"Micha√´l Foessel¬†: ""La question du plaisir est aujourd'hui centrale en politique""",0,0
Une histoire de l‚Äôantis√©mitisme √† l‚Äô√©cran - L'Instant M,0,0
"Poste ""fant√¥me"" de Roussel et p√©nis gel√© - Le Journal de 17h17",1,1
Anne Sinclair : la rafle des notables en images - L'Instant M,0,0
"Live ""You can't keep it from me forever"" par Peter Doherty & Fr√©d√©ric Lo",0,0
Le front r√©publicain doit s'appliquer √† l'extr√™me droite √† l'extr√™me gauche - En toute subjectivit√©,0,0
"Olivier Faure : ""On doit √©couter la parole des femmes""",0,0
"Inflation : ""Le pr√©sident r√©√©lu a le devoir d'apporter des r√©ponses"" estime Prisca Thevenot (LREM)",0,0
"Sofiane Pamart reprend ""Mistral Gagnant"" de Renaud",0,0
Qui veut manger des esp√®ces invasives,0,0
Les √©meutes antivaccins de 1885 √† Montr√©al,0,0
Les Fran√ßais et le complotisme - En toute subjectivit√© Natacha Polony,0,0
"Maya No√´l : ""On est pass√©s du statut de pigeons √† celui de licornes""",0,0
"G√©rald Bronner : ""Faisons de l'esprit critique une grande cause nationale""",0,0
"Nouvelles r√®gles √† Roland-Garros : ""L'ennemi jur√© du sport ce sont les temps faibles""",0,0
Moli√®re : Le plus fabuleux des auteurs (2/2) - Les Odyss√©es,0,0
"Jean-Louis Bourlanges : ""On est d√©j√† en guerre"" en Ukraine",0,0
Economie social Ukraine : revivez la premi√®re sp√©ciale de Questions politiques sur la pr√©sidentiel,0,0
Pourquoi n'y a-t-il pas de pubs pour les v√©los,0,0
Connerie du candidat Damien Rieu charisme de Pap Ndiaye et Didier Lallement - Le Journal de 17h17,0,1
"Livre Inter : Antoine Wauters voulait ""√©crire l'histoire de la Syrie avec une parole simple """,0,0
Un massage pour convaincre - Le billet de Jonathan Lambert,1,0
Yazdan Yazdanpanah chef du service des maladies infectieuses de l'h√¥pital Bichat  France Inter,0,0
Giscard d'Estaing - Les Pr√©sidents et la Culture #CulturePrime,0,0
Le questionnaire Jupiproust de Matthieu Delaporte et Alexandre de la Patelli√®re,0,1
Kylian Mbapp√© les sponsors et le droit √† l'image : la r√©action de No√´l Le Graet,0,0
"B√©atrice Barbusse : ""Il y a encore du sexisme partout et √† tous les niveaux dans le sport""",0,0
Pompidou - Les Pr√©sidents et la Culture #CulturePrime,0,0
Le Futur du travail par Juan Sebastian Carbonell,0,0
"""Val√©rie P√©cresse revendique une filiation avec Chirac alors que son mentor c‚Äôest clairement Tib√©r",0,0
Sauvons Woody,0,0
Le questionnaire Jupiproust de Dja√Øli Amadou Amal - Le questionnaire Jupiproust,1,1
Thierry Lhermitte - Morgane Cadignan n'aime pas,1,1
Les Gafam et Elon Musk - En toute subjectivit√©,0,0
"""Toxic Tour"" sur Arte : quand la pollution est photog√©nique - Capture d'√©crans",0,0
"Antoine Gallimard sur la fusion entre Hachette-√âditis : ""C‚Äôest un v√©ritable tsunami cette histoire""",0,0
Raphael - La Nuit N'en Finit Plus (cover),0,0
Lettre √† Lyes Louffok - En toute subjectivit√©,0,0
"Jeanne Brug√®re-Picoux : ""Les modifications de la biodiversit√© exposent l'homme √† certaines maladies""",0,0
Air candidature - Le Moment Meurice,1,1
Oratrice est-ce la forme ou le fond qui compte En toute subjectivit√©,0,0
"Sophie Cluzel : ""Changer la donne de fa√ßon assez rapide en changeant notre regard"" sur le handicap",0,0
L√©gislatives discours de George W Bush et concours de fellation - Le Journal de 17h17,1,1
Ce que r√©v√®le la crise corse de la soci√©t√© fran√ßaise - En toute subjectivit√©,0,0
"Claude Lelouch : ""Je crois dans le cin√©ma comme d'autres croient en Dieu""",0,0
"""Clan"" sur Arte : comment tuer son beau-fr√®re en dix √©pisodes - Capture d'√©crans",0,0
Se doucher √† plusieurs¬†: fake news mais bonne id√©e - La dr√¥le d'humeur d'Alexis le Rossignol,1,1
Un jour terrible pour les d√©mocraties lib√©rales - En toute subjectivit√©,0,0
"Patrick Boucheron : l'Ukraine ""c'est le retour de la guerre pas le retour de l'histoire""",0,0
Finances : la gueule de bois est pour bient√¥t - En toute subjectivit√©,0,0
Lettre √† Gis√®le Halimi - En toute subjectivit√© Anne-C√©cile Mailfert,0,0
Les gaufrades aux l√©gislatives - Le Billet de Charline,1,1
L'iPhone propose d√©sormais de d√©verrouiller son √©cran tout en portant un masque (et il √©tait temps),0,0
"F Bayrou sur un possible accord Lfi-Ps : ""C'est triste signer la ruine de tout ce qu'ils ont fait""",0,0
"Christophe Deloire : ""Les journalistes se font tirer comme des lapins""",0,0
"Le plan pour sortir l'Europe de la d√©pendance au gaz russe ""est pr√™t"" assure Thierry Breton",0,0
"Jean-Yves Le Drian sur la crise ukrainienne : ""Je consid√®re que la situation est tr√®s grave""",0,0
"""Cl√©o et le chat de la plage"" par L√©a Salam√© - Oli",0,0
Avec Gilles Gateau directeur g√©n√©ral de l'Apec,0,0
Le langage cochon üê∑,0,0
"√âric Woerth : ""On est dans une soci√©t√© de plus en plus violente""",0,0
Pr√©venir les violences faites aux enfants par leurs parents - En toute subjectivit√© C√©cile Duflot,0,0
Sapho reprend Les Passantes de Brassens carte blanche,0,0
"Ya√´l Braun-Pivet nouvelle ministre des Outre-Mer : ""Je mesure la complexit√© de la t√¢che""",0,0
Le d√©clic de Philippine - Le Billet de Thomas Poitevin,1,1
Le S√©nat am√©ricain en fronde contre les pratiques anti-concurrentielles des magasins d'applis,0,0
Envoyez la pub - Le Billet de Jonathan Lambert,1,1
Lettre √† Patrick Poivre d'Arvor - En toute subjectivit√©,0,0
La Cin√©tek - La Master-Classe de Par Jupiter,0,0
"E Macron en Ukraine : ""Quatre mois pour clarifier les choses c'est long quand on est en guerre""",0,0
M√©dia Crash : comment alerter sur la libert√© d'informer sans tomber dans le complotisme,0,0
Raoul Peck le contre-r√©cit - L'Instant M,0,0
Il est urgent de refaire de la politique - En toute subjectivit√©,0,0
√Ä la recherche de la nouvelle star - La chronique de Thomas Croisi√®re,1,1
L√©gislatives : d√©faite de Blanquer et Zemmour Abad en t√™te et vague de chaleur - Le Journal de 17h1,1,1
"Xavier Dolan : ""J'ai besoin de dire personnellement √† quel point j'aimais"" Gaspard Ulliel",0,0
Des fant√¥mes en banlieue parisienne - Tanguy Pastureau maltraite l'info,1,1
En Ukraine la guerre est aussi une cyberguerre,0,0
Bient√¥t un Cdi pour tous Avec Philippe et Val√©rie Bazin,0,0
"Brice Teinturier : ""Incontestablement un mauvais premier tour"" pour la coalition pr√©sidentielle",0,0
"Fianso : les candidats √† la pr√©sidentielle sont ""comme des rappeurs en clash toute la journ√©e""",0,0
Optimisation fiscale de Mckinsey campagne pr√©sidentielle et toile d'araign√©e musicale -,0,0
Le Dessous des cartes - L'Instant M,0,0
De Gaulle - Les Pr√©sidents et la Culture #CulturePrime,0,0
"""Darmanin est autant √† l‚Äô√©coute du consentement des Fran√ßais que de celui des femmes qu‚Äôil c√¥toie""",0,0
Les sondages c‚Äôest de la drogue - En toute subjectivit√© C√©cile Duflot,0,0
Thierry Ardisson outre-vie - L'Instant M,0,0
"""C'est une d√©faite tr√®s grave pour la droite r√©publicaine"" Michel Barnier",0,0
"Yazdan Yazdanpanah : ""On estime √† 40% le nombre de Fran√ßais touch√©s par le Covid""",0,0
Le karcher de Val√©rie P√©cresse - Le Sketch Par Jupiter,1,1
"Frederik Peeters : Comme dessiner ""Saint-Elme""",0,0
Les risques d'une pr√©sidentielle sans d√©bat - En toute subjectivit√©,0,0
Pot de d√©part de Castex Big bang pr√©sidentiel en pr√©paration abdos tatou√©s - Le Journal de 17h17,1,1
L‚ÄôInstrumentalisation complotiste de l‚Äôhistoire des Khazars - Antidote,0,0
La Master Classe de Jeanne Cherhal,0,0
"Biden le ""nouvel ordre mondial"" et la complosph√®re",0,0
"""G√©n√©ration Hit Machine"" sur W9 : c√©dez √† la nostalgie - Capture d'√©crans",0,0
Un atlas des glaciers de montagne en 3D,0,0
Cahuzac 9 ans apr√®s - En toute subjectivit√©,0,0
@ZeratoR sur les jeux vid√©o la violence et l‚Äôenfermement social,0,0
Hollande - Les Pr√©sidents et la Culture #CulturePrime,0,0
"Sandrine Kiberlain : ""On √©crit avec ce qu'on est ce qu'on trimballe depuis toujours""",0,0
Le grand face √† face : la Russie face √† l'Occident avec Jean-Fran√ßois Colosimo,0,0
"""Coline la chaussette orpheline"" par La grande Sophie - Oli",0,0
"Yves Bertoncini : L'Europe f√©d√©rale ""nous aimons la chose mais pas le mot en France""",0,0
Parfois il neige en avril - La chronique de Thomas Bidegain,1,1
Robuste de Constance Meyer - La Chronique cin√© de L√©o Karmann,1,1
"""La mer c'est notre nouvelle utopie"" selon Olivier Fribourg",0,0
L'histoire des Mims Petro et Jean Pims par Arthur Teboul et Blandine Rinkel,0,0
Bloc identitaire contre bloc √©litaire - En toute subjectivit√©,0,0
Florent Marchet reprend Joe Dassin,0,0
Pourquoi l'inflation et la transition √©nerg√©tique ne font pas bon m√©nage En toute subjectivit√©,0,0
"""Le Figaro"" et les trois droites - L'Instant M",0,0
"""C‚Äôest plus une pr√©sidentielle c‚Äôest le casting de la France a un incroyable talent "" - Le Journal",0,0
"""Gnossienne n¬∞1"" d'Erik Satie la carte blanche d'Anne Queff√©lec",0,0
"""Autour de ton cou"" - Stephan Eicher (en live) sur Popopop",0,0
Y a-t-il plus beau spectacle √† la t√©l√© que le football de Karim Benzema Capture d'√©crans,0,0
Monia Chokri la bellig√©rante - Le Sketch Par Jupiter,1,1
Christiane Taubira- Des candidats et des jeunes #Elysee2022,0,0
Avril : la nuit la plus froide,0,0
Les bonnes nouvelles de la Plan√®te du 14 janvier 2022,0,0
"Emmanuelle Wargon : ""Ce sera des duels assez forts avec essentiellement des candidats Nupes""",0,0
"Richard Ferrand : ""Je ne crois pas qu'il y ait 40% des Fran√ßais qui se situent √† l'extr√™me droite""",0,0
Un tuto pour tout comprendre aux vagues sc√©l√©rates,0,0
Des profits records pour les entreprises du Cac40 et apr√®s,0,0
Les bonnes nouvelles de la plan√®te du 25 mars 2022,0,0
Quand l‚Äôop√©rateur satellitaire fran√ßais Eutelsat relaye la propagande russe - Antidote,0,0
S√©ries Mania : le r√©el en s√©rie - L'Instant M,0,0
"""Sauver la t√™te de Boris Johnson‚Ä¶ les d√©put√©s conservateurs ont r√©ussi l√† o√π son coiffeur a toujours",0,0
Le business antivax,0,0
"Fran√ßois Boucq : ""Comment dessiner De Gaulle dans ""Un G√©n√©ral des g√©n√©raux"" """,0,0
Interrogatoire de l'entarteur de la Joconde - Le Sketch Par Jupiter,0,1
L'impact des math√©matiques sur l'√©conomie avec Fran√ßois Rousseau et Christophe Besse,0,0
Avec Fran√ßois Villeroy de Galhau gouverneur de la Banque de France,0,0
Vague de chaleur cartographie de la voie lact√©e et Renault Chlamydia - Le Journal de 17h17,1,1
Le questionnaire Jupiproust d'Irma - Le questionnaire Jupiproust,0,0
"Sortie de ""Guerre"" un in√©dit de C√©line : ""Le contact avec ces manuscrits √©tait tr√®s √©mouvant""",0,0
L'√©quipe de Val√©rie P√©cresse Bhl √† Odessa et guerre contre le cheveu sec et cassant - Le Journal de,0,1
"Adrien Quatennens : ""Il nous faut un service public de la d√©pendance""",0,0
"""Je dis basta aux r√©formes punitives je veux des r√©formes heureuses""¬†: Fabien Roussel face au 7/9",0,0
"""Mustang"" sur Arte : cinq s≈ìurs en qu√™te de libert√© - Capture d'√©crans",0,0
Harry Roselmack la recette du dimanche - L'Instant M,0,0
"""M√™me pas 24h ont pass√© et faire semblant d‚Äô√™tre un peu de gauche c‚Äôest finito "" - Le Journal de 17",1,0
Ant√≥nio Guterres le rebelle diplomatique,0,0
Lettre √† Gloria Steinem - En toute subjectivit√© Anne-C√©cile Mailfert,0,0
Djamila Boupacha l'interview,0,0
Arnaud Montebourg Blue Monday et classes trop bruyantes - Le Journal de 17h17,1,1
Le questionnaire Jupiproust d'Ir√®ne Frain - Le questionnaire Jupiproust,1,0
"Guerre en Ukraine : ""La guerre est totale"" selon Jean-Yves Le Drian",0,0
Le retournement du stigmate - La Chronique linguiste de La√©lia Veron,0,0
S√©cheresse : l'Ethiopie ne voit plus la pluie,0,0
T√©l√©realit√© : femmes soumises ou femmes √©mancip√©es L'Instant M,0,0
Quand M√©lenchon traite les patrons de parasites - En toute subjectivit√©,0,0
L'Illiade : Achille d√©pose les armes (2/3) - Les Odyss√©es,0,0
Le deuil des √©l√©phants,0,0
Le questionnaire Jupiproust de Pierre et Myriam Cabon,0,1
"C√©cile Coudriou : ""Aujourd'hui il est tr√®s dangereux de d√©fendre les droits humains""",0,0
Jean-Paul Sartre et Jean-Claude Duss font du ski - Capture d'√©crans,0,0
"Arte vous invite ""dans la t√™te de Boris Johnson"" - Capture d'√©crans",0,0
"S√©bastien Chenu : ""On veut que la France soit le chef de file des pays non align√©s sur l'Ue""",0,0
"Catherine Macgregor : ""La d√©pendance au gaz russe est tr√®s difficile √† cesser du jour au lendemain""",0,0
Salon de la chasse : les sujets qui f√¢chent,0,0
"Jean-Christophe Ogier : ""Franquin ne pensait pas que 25 ans apr√®s on reprendrait Gaston Lagaffe""",0,0
"Roger Cohen ‚Äì Hans Stark ‚Äì Jean-Yves Potel : ""Le rideau de fer n'est pas encore tomb√©""",0,0
"P√™che : le chalut de fond ""bulldozer"" des oc√©ans",0,0
"Nathalie Loiseau - Jean Quatremer : ""Tout le monde modifie les trait√©s europ√©ens depuis 1957""",0,0
Les enseignements du ¬´ Convoi de la libert√© ¬ª,0,0
Magali Le Huche : Comment dessiner 'Paco',0,0
